version	date	source	adminer	adminer-en	adminer-mysql-en	languages	drivers	plugin drivers
v6.1.1	2026-09-25	1712.680	562.723	411.790	285.145	47	5	8
v6.1.0	2026-09-14	1692.654	552.585	402.083	279.159	47	5	8
v6.0.2	2026-09-07	1634.682	533.731	386.207	272.955	47	5	8
v6.0.1	2026-08-14	1601.904	519.492	372.420	265.142	47	5	8
v6.0.0	2026-08-07	1528.056	503.412	360.760	255.302	47	5	8
v5.5.1	2026-07-21	1441.604	498.455	339.580	243.793	47	5	8
v5.5.0	2026-07-17	1302.000	515.911	332.855	240.308	47	5	8
v5.4.4	2026-07-11	1302.563	515.223	331.417	239.448	47	5	7
v5.4.3	2026-07-09	1300.370	513.869	330.071	238.195	47	5	7
v5.4.2	2026-02-08	1282.439	508.623	328.667	237.253	46	5	7
v5.4.1	2025-09-26	1282.087	507.471	328.674	237.740	46	5	6
v5.4.0	2025-09-08	1281.453	507.284	328.402	237.469	46	5	6
v5.3.0	2025-05-04	1276.789	504.560	326.493	235.861	46	5	6
v5.2.1	2025-04-11	1238.570	493.022	320.761	232.957	45	5	6
v5.2.0	2025-04-08	1239.340	493.500	321.239	233.438	45	5	6
v5.1.1	2025-04-02	1235.584	486.330	314.629	227.695	45	5	6
v5.1.0	2025-03-24	1240.300	490.765	318.950	231.296	45	5	6
v5.0.6	2025-03-17	1203.671	477.090	311.217	223.702	44	5	5
v5.0.5	2025-03-13	1199.906	475.481	309.802	222.384	44	5	5
v5.0.4	2025-03-11	1209.307	481.670	315.957	220.556	44	6	4
v5.0.3	2025-03-11	1209.307	481.702	315.989	220.556	44	6	4
v5.0.2	2025-03-10	1207.485	481.269	315.503	220.193	44	6	4
v5.0.1	2025-03-07	1206.052	481.447	315.345	220.010	44	6	4
v5.0.0	2025-03-07	1205.937	481.342	315.240	219.835	44	6	5
v4.17.1	2025-02-25	1207.866	482.615	316.536	217.984	44	6	5
v4.17.0	2025-02-24	1207.778	482.431	316.352	217.896	44	6	5
v4.16.0	2025-02-20	1203.918	476.484	313.464	214.904	44	6	5
v4.15.0	2025-02-19	1204.093	476.119	312.690	214.827	44	6	5
v4.14.0	2025-02-02	1204.229	476.249	312.820	214.924	44	6	5
v4.12.0	2024-11-21	1202.920	476.223	312.800	214.917	44	6	5
v4.11.0	2024-10-30	1202.354	475.945	312.521	214.749	44	6	5
v4.10.0	2024-10-22	1201.785	475.690	312.277	214.611	44	6	5
v4.9.4	2024-10-09	1201.516	475.567	312.154	214.488	44	6	5
v4.9.3	2024-10-02	1200.909	475.324	311.911	214.245	44	6	5
v4.9.2	2024-09-18	1198.691	473.933	310.520	213.122	44	6	5
v4.9.1	2024-09-09	1198.472	473.830	310.417	213.068	44	6	5
v4.9.0	2024-08-19	1198.349	473.706	310.293	213.056	44	6	5
v4.8.2	2024-03-16	1247.327	479.660	317.318	212.882	44	7	3
v4.8.1	2021-05-14	1184.927	476.603	317.072	212.634	43	7	3
v4.8.0	2021-02-10	1183.841	475.877	316.339	212.333	43	7	3
v4.7.9	2021-02-07	1208.633	491.678	332.333	211.584	43	10	0
v4.7.8	2020-12-06	1199.081	489.486	330.036	210.767	43	10	0
v4.7.7	2020-05-11	1198.807	489.307	329.857	210.586	43	10	0
v4.7.6	2020-01-31	1197.287	489.252	329.792	210.521	43	10	0
v4.7.5	2019-11-13	1196.537	489.076	329.616	210.441	43	10	0
v4.7.4	2019-10-22	1180.289	485.037	328.845	210.394	42	10	0
v4.7.3	2019-08-27	1179.739	484.488	328.296	210.482	42	10	0
v4.7.2	2019-07-18	1177.638	483.403	327.213	209.793	42	10	0
v4.7.1	2019-01-24	1175.912	481.772	325.950	209.416	42	10	0
v4.7.0	2018-11-24	1168.256	482.019	325.774	209.247	42	10	0
v4.6.3	2018-06-28	1134.193	467.815	318.397	208.150	41	9	0
v4.6.2	2018-02-20	1132.194	462.656	316.589	207.190	41	9	0
v4.6.1	2018-02-09	1128.286	462.311	316.154	206.874	41	9	0
v4.6.0	2018-02-05	1122.349	457.087	313.411	204.966	41	9	0
v4.5.0	2018-01-24	1103.853	451.104	310.831	203.603	40	9	0
v4.4.0	2018-01-17	1087.583	440.497	300.908	201.692	40	9	0
v4.3.1	2017-04-14	1071.142	436.227	299.991	200.879	39	9	0
v4.3.0	2017-03-15	1067.977	436.003	299.795	200.872	39	9	0
v4.2.5	2016-06-01	1059.554	423.951	289.595	193.630	39	9	0
v4.2.4	2016-02-06	1059.225	422.812	289.358	193.565	39	9	0
v4.2.3	2015-11-15	1032.244	415.388	289.264	193.469	37	9	0
v4.2.2	2015-08-05	980.853	403.677	289.213	193.442	34	9	0
v4.2.1	2015-03-10	980.819	403.657	289.193	193.422	34	9	0
v4.2.0	2015-02-07	977.825	403.160	288.779	193.022	34	9	0
v4.1.0	2014-04-18	950.106	387.867	280.402	191.036	33	8	0
v4.0.3	2014-02-01	927.965	379.431	277.578	188.904	32	8	0
v4.0.2	2014-01-11	912.788	374.901	275.754	187.305	31	8	0
v4.0.1	2014-01-10	912.515	374.956	275.809	187.316	31	8	0
v4.0.0	2014-01-07	910.265	373.890	274.742	187.149	31	8	0
v3.7.1	2013-06-29	925.378	301.404	209.749	156.509	29	5	0
v3.7.0	2013-05-19	909.880	290.646	207.741	155.228	28	5	0
v3.6.4	2013-04-25	904.266	288.905	205.936	153.437	28	5	0
v3.6.3	2013-01-23	906.110	291.024	207.816	155.591	28	5	0
v3.6.2	2012-12-20	905.165	290.717	207.472	155.361	28	5	0
v3.6.1	2012-09-17	903.798	290.336	207.593	155.553	28	5	0
v3.6.0	2012-09-16	903.753	288.262	206.585	154.545	28	5	0
v3.5.1	2012-08-09	877.925	390.316	213.487	161.728	27	5	0
v3.5.0	2012-08-04	876.991	389.830	213.001	161.240	27	5	0
v3.4.0	2012-06-30	871.687	386.532	209.676	159.442	27	5	0
v3.3.4	2012-03-06	818.386	363.679	213.131	163.657	24	5	0
v3.3.3	2011-08-12	801.374	353.637	211.243	162.025	23	5	0
v3.3.2	2011-08-08	798.587	352.108	209.625	160.576	23	5	0
v3.3.1	2011-07-27	797.558	351.826	209.341	160.363	23	5	0
v3.3.0	2011-07-19	796.393	351.364	208.873	160.201	23	5	0
v3.2.2	2011-03-28	758.568	334.382	204.519	158.038	21	5	0
v3.2.1	2011-03-23	757.868	334.016	204.161	157.680	21	5	0
v3.2.0	2011-02-24	753.188	325.481	202.685	156.207	21	5	0
v3.1.0	2010-11-16	700.777	298.995	191.514	145.312	18	5	0
v3.0.1	2010-10-18	667.011	288.101	190.433	143.834	16	5	0
v3.0.0	2010-10-15	652.923	280.725	189.388	143.181	15	5	0
v2.3.2	2010-04-21	313.503	185.387	128.551	128.551	12	1	0
v2.3.1	2010-04-06	313.610	185.537	128.702	128.702	12	1	0
v2.3.0	2010-02-26	310.627	183.765	127.208	127.208	12	1	0
v2.2.1	2009-11-26	299.006	178.038	122.147	122.147	12	1	0
v2.2.0	2009-10-20	296.966	177.919	121.990	121.990	12	1	0
v2.1.0	2009-09-12	291.014	175.941	119.803	119.803	12	1	0
v2.0.0	2009-08-07	276.990	174.016	120.289	120.289	11	1	0
v1.11.1	2009-07-03	268.060	168.411	117.168	117.168	11	1	0
v1.11.0	2009-07-02	264.574	166.743	115.481	115.481	11	1	0
v1.10.1	2009-05-07	249.855	162.897	114.165	114.165	11	1	0
v1.10.0	2009-04-28	249.492	162.709	113.973	113.973	11	1	0
v1.9.1	2008-10-27	223.745	164.952	125.999	125.999	10	1	0
v1.9.0	2008-10-16	221.026	166.519	125.992	125.992	10	1	0
v1.8.0	2008-09-12	212.527	157.721	120.698	120.698	10	1	0
v1.7.0	2008-08-26	187.091	142.889	115.351	115.351	8	1	0
v1.6.1	2008-05-22	155.130	137.098	99.974	99.974	6	1	0
v1.6.0	2008-05-16	155.090	137.066	99.942	99.942	6	1	0
v1.5.0	2008-01-09	139.964	122.482	97.058	97.058	4	1	0
v1.4.0	2007-08-15	135.085	134.703	107.612	107.612	4	1	0
v1.3.2	2007-08-06	115.750	115.423	96.644	96.644	3	1	0
v1.3.1	2007-07-31	114.398	114.001	95.255	95.255	3	1	0
v1.3.0	2007-07-27	112.724	112.327	93.581	93.581	3	1	0
v1.2.0	2007-07-25	100.315	99.864	88.647	88.647	2	1	0
v1.1.0	2007-07-19	91.556	91.136	81.078	81.078	2	1	0
v1.0.0	2007-07-11	71.243	70.639	62.966	62.966	2	1	0
